He,He err,Ne,Ne err,Ar,Ar err,Kr,Kr err,Xe,Xe err,S,S err,p,p err,S units,p units
8.796240193899133e-09,9.1527102732347e-11,3.292532174503551e-08,1.7656367365605292e-10,2.949546571972567e-05,4.877696066688034e-07,5.269978218490959e-09,6.637405747243442e-11,6.289448355645202e-10,8.705586642802e-12,1.814346560063595,0.01,0.9975425518894643,0.5,g/kg,atm
4.034945346866425e-09,4.198462628819428e-11,1.688985984676478e-08,9.057271255155756e-11,2.6271115725431557e-05,4.344481930174978e-07,5.432936451881063e-09,6.842647566093658e-11,6.910707074560886e-10,9.56550651165063e-12,0.33607528927864677,0.01,0.9777363231925755,0.5,g/kg,atm
1.8170714005691224e-08,1.8907087242484502e-10,7.024235222061129e-08,3.7667810356883e-10,6.512345313652286e-05,1.0769533671093174e-06,1.0244446487327362e-08,1.2902624104542337e-10,1.0183384552837695e-09,1.4095407343972962e-11,1.6631019331950772,0.01,0.9943230636282104,0.5,g/kg,atm
5.4365938010234645e-09,5.6569132762590565e-11,2.2506208516327366e-08,1.20690661323942e-10,3.235112404347848e-05,5.349939275387692e-07,6.3524599584488325e-09,8.000764422403172e-11,7.665019537005142e-10,1.060959370757453e-11,0.04928617988583861,0.01,0.9907776687638926,0.5,g/kg,atm
4.600393487187445e-09,4.78682571222945e-11,1.9018537952513213e-08,1.0198785465077856e-10,2.83720604538612e-05,4.691917360948218e-07,5.706855689946312e-09,7.187641994843963e-11,7.010685129314906e-10,9.703891878510142e-12,2.062051740559005,0.01,0.9855733960386105,0.5,g/kg,atm
5.875024766816881e-09,6.113111778831193e-11,2.4636338639332073e-08,1.32113589937839e-10,3.6163572732003776e-05,5.980407909081222e-07,7.115821470890199e-09,8.9621991532195e-11,8.634012121789825e-10,1.1950831988910311e-11,0.09003238018658803,0.01,0.993272018169229,0.5,g/kg,atm
6.761493268746988e-09,7.03550466325266e-11,2.8385445828667452e-08,1.5221836350407405e-10,4.197921973704552e-05,6.942147547006898e-07,8.186097736896798e-09,1.0310185339235392e-10,9.721333961536907e-10,1.3455856587138061e-11,1.3706169362374538,0.01,0.987454714221811,0.5,g/kg,atm
4.129327053335163e-09,4.2966691801822464e-11,1.7112555524325494e-08,9.176692918646021e-11,2.698187801607409e-05,4.462021434801233e-07,5.627906677966146e-09,7.088207689021272e-11,7.08984174102904e-10,9.813457090379562e-12,2.29709891372898,0.01,0.9979706603851682,0.5,g/kg,atm
4.117312675024868e-09,4.284167915850762e-11,1.7013433199921e-08,9.123538079723838e-11,2.6099149525366652e-05,4.3160436995116484e-07,5.37313335495255e-09,6.76732706137819e-11,6.717729583594239e-10,9.298395284604337e-12,0.674958628434622,0.01,1.0046428991861835,0.5,g/kg,atm
5.5652677854851945e-09,5.790801809714266e-11,2.2259648247931986e-08,1.1936846963504608e-10,2.657365728755669e-05,4.394513545258123e-07,5.123375205395409e-09,6.452762919258046e-11,6.408224875643884e-10,8.869992044915037e-12,0.6667797583389495,0.01,0.9938114831552389,0.5,g/kg,atm
