,He,He err,Ne,Ne err,Ar,Ar err,Kr,Kr err,Xe,Xe err,S,T,p,A
0,3.6656917718142666e-09,2.311325116187114e-10,1.4101263128567914e-08,1.6468398668177667e-09,1.7473238427904648e-05,1.5245811608311127e-06,3.703645388945884e-09,2.7049335471213324e-10,5.075817664604765e-10,9.967143719468277e-11,20,10,1.0204170084981385,0.0003567147192020052
1,2.9286475968030175e-09,2.3835182292178693e-11,1.1648598391313103e-08,8.039657402419279e-11,1.6786721416546247e-05,1.0660618312393128e-07,3.6802604946475976e-09,2.161776921281649e-11,5.08941134048531e-10,5.652020971971517e-12,6.538689304604817,14.331123205328117,1.0048902156558885,0.00017561259645877835
2,3.5905390695164555e-09,2.9822428163189874e-11,1.4236229834126722e-08,2.8164289540466083e-10,1.9868252028693732e-05,2.605468385365308e-07,4.399351328082293e-09,6.946211256735756e-11,6.230333547188833e-10,1.218881461066374e-11,2.3369225004338734,8.758895233136185,0.9729565355443098,0.00029706924135264854
3,2.275273037155732e-09,3.2092920782229913e-11,9.507028386668971e-09,1.7333724132986802e-10,1.6675437997625753e-05,3.2397788759057247e-07,3.8665708790716345e-09,7.707243975676305e-11,5.608113218723944e-10,5.4346119406481035e-12,13.685355384822472,8.79948923455613,0.9919609973520106,6.218916233636679e-05
4,2.778093741226355e-09,5.326067249289132e-11,1.115971008635913e-08,1.2814117843596374e-10,1.6853671520640753e-05,1.9285443506324938e-07,3.747774884446127e-09,4.9250854066385386e-11,5.249995121762441e-10,2.87023982066003e-12,10.105839698059471,12.62120832382475,1.012930016443473,0.00014856466855874334
5,2.7534819349790396e-09,3.347253605809431e-11,1.075714429786454e-08,1.403727538345067e-10,1.458027697227588e-05,7.841869630379752e-08,3.132063686789481e-09,2.5367108027591498e-11,4.2784536282185396e-10,3.0538713596823342e-12,24.331561586804,14.085806784695142,0.9500767455739297,0.00019559054068892418
6,3.4079385525756097e-09,4.53765606681481e-11,1.3216574707051827e-08,7.228185592649395e-11,1.7094566575335706e-05,2.2468422942418146e-07,3.674778481203299e-09,6.464715411911546e-11,5.089553006051801e-10,9.660162805682853e-12,31.57980101932049,9.105107062611674,0.9996711354103118,0.00031104981067547763
7,2.8281730762262422e-09,4.766481042118533e-11,1.1323746685256352e-08,1.3447411323510108e-10,1.696114447536783e-05,1.5825445153758685e-07,3.782232715770906e-09,3.844221328426307e-11,5.34466645785132e-10,9.059371816556065e-12,16.475158114131226,10.16080723030661,0.9937295405638453,0.0001746589440999561
8,3.72343537740817e-09,3.230504617391628e-11,1.4170199194717328e-08,1.301304006235123e-10,1.670800893047499e-05,1.9302035562969862e-07,3.44410886283702e-09,1.9570046050526458e-11,4.584262053654158e-10,7.628545547976389e-12,25.853149452816613,14.462607866562841,1.009180974278247,0.00036304111344033144
9,2.7742015256845625e-09,5.263556888876877e-11,1.0959175282829868e-08,1.6126226845591692e-10,1.5585912347725262e-05,1.986822754445091e-07,3.410971291487588e-09,4.014416877986242e-11,4.74080537436436e-10,6.096549308011923e-12,23.011567440737466,11.83590890075925,0.9748771906517875,0.0001859171282243463
10,3.211355962809164e-09,5.143433340906433e-11,1.2667935466026204e-08,2.1658441725502806e-10,1.7747614279888235e-05,2.526474315080792e-07,3.883993866095654e-09,4.4258226905534806e-11,5.414296308807084e-10,8.45899958463717e-12,14.559164564002671,11.179399734807262,1.016166307330996,0.00023700156887771336
11,3.2334307051015726e-09,4.212183546769362e-11,1.257785453139687e-08,6.932211143556857e-11,1.6628070257537246e-05,1.0837408215883441e-07,3.565064608635819e-09,4.6667288950305914e-11,4.888683797052351e-10,5.83566302625068e-12,25.683994773352666,12.262857089810357,1.0261928204672774,0.00026089651628921076
12,4.213176695499593e-09,6.05231834382314e-11,1.5988083315421088e-08,2.9172783861842513e-10,1.8337911849978053e-05,1.90788280836438e-07,3.7710109997588435e-09,2.2241630605987233e-11,5.041327303907152e-10,9.21186241717952e-12,13.957463786307569,12.746993629741723,0.9516861415619816,0.00045326251836179415
13,3.6196667575766423e-09,3.595365499382783e-11,1.385588616909789e-08,1.479373045209227e-10,1.6783475819946613e-05,1.9261985591054993e-07,3.512243645949834e-09,3.693147201975605e-11,4.748560068228846e-10,8.28945409981655e-12,31.242974755433917,11.849240639688595,1.006421309822761,0.00035149863415789466
14,3.044081218172249e-09,2.5342657431635854e-11,1.1858806577766578e-08,1.8578179375955885e-10,1.573837179865619e-05,1.1287441242260187e-07,3.3771960298661996e-09,3.839313569754972e-11,4.6247434439075447e-10,4.3510948899642985e-12,33.9630189352295,12.461397560993651,1.0414657788807855,0.000235449396089923
15,4.523966863212324e-09,5.277430092024304e-11,1.7304209302948088e-08,1.932236688326053e-10,2.0709749388390427e-05,3.8866371376034205e-07,4.35683677191136e-09,3.5238770943056454e-11,5.971766064843853e-10,9.804726297027643e-12,16.008994879154823,9.091370706879678,1.0193950672516119,0.00048620741461701715
16,2.231525426865974e-09,2.912870126073303e-11,9.282132658721462e-09,1.5501607020215053e-10,1.6072948941645292e-05,1.0426348775820395e-07,3.7155180666934802e-09,4.4994831278978147e-11,5.380244357968596e-10,3.543648565398418e-12,15.8649350026029,8.72134789051164,0.9644577741812234,6.845176913898015e-05
17,2.7242074583327665e-09,2.6625010835391283e-11,1.1133253616872945e-08,1.266837006133167e-10,1.764980196206871e-05,1.5746624175774052e-07,4.00294203667941e-09,7.087317919927669e-11,5.700333472713082e-10,7.139786790354161e-12,2.664208762889677,10.995787123405192,0.9872205353660867,0.00013056852188338093
18,4.301173776168704e-09,4.24986203494745e-11,1.6651716603997223e-08,2.645736070817733e-10,2.1117435271866966e-05,1.120561968493818e-07,4.540255215243791e-09,7.159548649042012e-11,6.328719738685179e-10,8.301065204892936e-12,11.670834061407408,8.140812981532532,1.0218436020359394,0.0004321332457986346
19,3.3323527354911243e-09,3.046162657384118e-11,1.2680163807592586e-08,1.8836627810051584e-10,1.4842388677717415e-05,2.0479076114154903e-07,3.0569716084756835e-09,4.7861798332350385e-11,4.0644012198132903e-10,6.991328937607455e-12,35.91152443533297,14.145016119922012,0.9542111147648347,0.00032457041997670347
